,instance,iteration,event,duration,global,hourly_cost,hours,cost
0,c7a-12xlarge,/home/vanessa/Desktop/Code/mummi-experiments/experiments/aws-march-2025/cpu-node-selector/monitor/cpu-autoscale/data/structure_002976531/createsim-c7a-12xlarge/createsims-times.json,createsim_runtime,557.5069131851196,createsim_runtime,2.463,0.154863031440311,0.381427646437486
13,c7a-12xlarge,/home/vanessa/Desktop/Code/mummi-experiments/experiments/aws-march-2025/cpu-node-selector/monitor/cpu-autoscale/data/structure_084618851/createsim-c7a-12xlarge/createsims-times.json,createsim_runtime,553.6589634418488,createsim_runtime,2.463,0.15379415651162465,0.3787950074881315
26,r7iz-8xlarge,/home/vanessa/Desktop/Code/mummi-experiments/experiments/aws-march-2025/cpu-node-selector/monitor/cpu-autoscale/data/structure_079741519/createsim-r7iz-8xlarge/createsims-times.json,createsim_runtime,1377.90673494339,createsim_runtime,2.976,0.3827518708176083,1.1390695675532023
39,c6in-12xlarge,/home/vanessa/Desktop/Code/mummi-experiments/experiments/aws-march-2025/cpu-node-selector/monitor/cpu-autoscale/data/structure_079741519/createsim-c6in-12xlarge/createsims-times.json,createsim_runtime,1152.739853143692,createsim_runtime,2.722,0.32020551476213666,0.8715994111825359
52,m6a-16xlarge,/home/vanessa/Desktop/Code/mummi-experiments/experiments/aws-march-2025/cpu-node-selector/monitor/cpu-autoscale/data/structure_079741519/createsim-m6a-16xlarge/createsims-times.json,createsim_runtime,1605.9035866260529,createsim_runtime,2.765,0.446084329618348,1.2334231713947323
65,c7a-12xlarge,/home/vanessa/Desktop/Code/mummi-experiments/experiments/aws-march-2025/cpu-node-selector/monitor/cpu-autoscale/data/structure_079741519/createsim-c7a-12xlarge/createsims-times.json,createsim_runtime,584.0258073806763,createsim_runtime,2.463,0.16222939093907673,0.399570989882946
78,c7a-12xlarge,/home/vanessa/Desktop/Code/mummi-experiments/experiments/aws-march-2025/cpu-node-selector/monitor/cpu-autoscale/data/structure_030900546/createsim-c7a-12xlarge/createsims-times.json,createsim_runtime,556.4058754444122,createsim_runtime,2.463,0.15455718762344786,0.3806743531165521
91,c7a-12xlarge,/home/vanessa/Desktop/Code/mummi-experiments/experiments/aws-march-2025/cpu-node-selector/monitor/cpu-autoscale/data/structure_030603303/createsim-c7a-12xlarge/createsims-times.json,createsim_runtime,578.8899228572845,createsim_runtime,2.463,0.1608027563492457,0.3960571888881922
131,c7a-12xlarge,/home/vanessa/Desktop/Code/mummi-experiments/experiments/aws-march-2025/cpu-node-selector/monitor/cpu-autoscale-0/data/structure_057708346/createsim-c7a-12xlarge/createsims-times.json,createsim_runtime,554.2742280960083,createsim_runtime,2.463,0.15396506336000232,0.37921595105568573
144,c7a-12xlarge,/home/vanessa/Desktop/Code/mummi-experiments/experiments/aws-march-2025/cpu-node-selector/monitor/cpu-autoscale-0/data/structure_041370988/createsim-c7a-12xlarge/createsims-times.json,createsim_runtime,553.0885779857635,createsim_runtime,2.463,0.15363571610715654,0.3784047687719266
157,c7a-12xlarge,/home/vanessa/Desktop/Code/mummi-experiments/experiments/aws-march-2025/cpu-node-selector/monitor/cpu-autoscale-0/data/structure_071525800/createsim-c7a-12xlarge/createsims-times.json,createsim_runtime,553.2521092891693,createsim_runtime,2.463,0.15368114146921372,0.3785166514386734
170,r7iz-8xlarge,/home/vanessa/Desktop/Code/mummi-experiments/experiments/aws-march-2025/cpu-node-selector/monitor/cpu-autoscale-0/data/structure_003252868/createsim-r7iz-8xlarge/createsims-times.json,createsim_runtime,1420.774510383606,createsim_runtime,2.976,0.3946595862176683,1.1745069285837808
183,c6in-12xlarge,/home/vanessa/Desktop/Code/mummi-experiments/experiments/aws-march-2025/cpu-node-selector/monitor/cpu-autoscale-0/data/structure_003252868/createsim-c6in-12xlarge/createsims-times.json,createsim_runtime,1155.6433985233307,createsim_runtime,2.722,0.3210120551453696,0.8737948141056961
196,m6a-16xlarge,/home/vanessa/Desktop/Code/mummi-experiments/experiments/aws-march-2025/cpu-node-selector/monitor/cpu-autoscale-0/data/structure_003252868/createsim-m6a-16xlarge/createsims-times.json,createsim_runtime,1605.311714887619,createsim_runtime,2.765,0.4459199208021164,1.232968581017852
209,c7a-12xlarge,/home/vanessa/Desktop/Code/mummi-experiments/experiments/aws-march-2025/cpu-node-selector/monitor/cpu-autoscale-0/data/structure_003252868/createsim-c7a-12xlarge/createsims-times.json,createsim_runtime,562.5272724628448,createsim_runtime,2.463,0.15625757568412357,0.38486240890999635
222,c7a-12xlarge,/home/vanessa/Desktop/Code/mummi-experiments/experiments/aws-march-2025/cpu-node-selector/monitor/cpu-autoscale-0/data/structure_032019605/createsim-c7a-12xlarge/createsims-times.json,createsim_runtime,555.0378997325897,createsim_runtime,2.463,0.1541771943701638,0.37973842973371347
235,m6a-16xlarge,/home/vanessa/Desktop/Code/mummi-experiments/experiments/aws-march-2025/cpu-node-selector/monitor/cpu-autoscale-1/data/structure_087733394/createsim-m6a-16xlarge/createsims-times.json,createsim_runtime,1633.9072992801666,createsim_runtime,2.765,0.4538631386889352,1.2549315784749058
248,c7a-12xlarge,/home/vanessa/Desktop/Code/mummi-experiments/experiments/aws-march-2025/cpu-node-selector/monitor/cpu-autoscale-1/data/structure_068476874/createsim-c7a-12xlarge/createsims-times.json,createsim_runtime,550.58109998703,createsim_runtime,2.463,0.15293919444084167,0.376689235907793
261,c7a-12xlarge,/home/vanessa/Desktop/Code/mummi-experiments/experiments/aws-march-2025/cpu-node-selector/monitor/cpu-autoscale-1/data/structure_082091889/createsim-c7a-12xlarge/createsims-times.json,createsim_runtime,572.212762594223,createsim_runtime,2.463,0.1589479896095064,0.39148889840821427
301,hpc6a-48xlarge,/home/vanessa/Desktop/Code/mummi-experiments/experiments/aws-march-2025/cpu-node-selector/monitor/cpu-autoscale-3/data/structure_069129789/createsim-hpc6a-48xlarge/createsims-times.json,createsim_runtime,1267.0128207206726,createsim_runtime,2.88,0.3519480057557424,1.0136102565765381
314,hpc6a-48xlarge,/home/vanessa/Desktop/Code/mummi-experiments/experiments/aws-march-2025/cpu-node-selector/monitor/cpu-autoscale-3/data/structure_084610968/createsim-hpc6a-48xlarge/createsims-times.json,createsim_runtime,1196.844425201416,createsim_runtime,2.88,0.3324567847781711,0.9574755401611327
327,hpc6a-48xlarge,/home/vanessa/Desktop/Code/mummi-experiments/experiments/aws-march-2025/cpu-node-selector/monitor/cpu-autoscale-3/data/structure_060826954/createsim-hpc6a-48xlarge/createsims-times.json,createsim_runtime,1239.130261182785,createsim_runtime,2.88,0.3442028503285514,0.9913042089462281
340,c7g-16xlarge,/home/vanessa/Desktop/Code/mummi-experiments/experiments/aws-march-2025/cpu-node-selector/monitor/cpu-autoscale-2/data/structure_061040488/createsim-c7g-16xlarge/createsims-times.json,createsim_runtime,468.20813941955566,createsim_runtime,2.32,0.13005781650543213,0.30173413429260254
353,hpc7g-16xlarge,/home/vanessa/Desktop/Code/mummi-experiments/experiments/aws-march-2025/cpu-node-selector/monitor/cpu-autoscale-2/data/structure_061040488/createsim-hpc7g-16xlarge/createsims-times.json,createsim_runtime,484.8094630241394,createsim_runtime,1.683,0.13466929528448318,0.2266484239637852
366,m6g-16xlarge,/home/vanessa/Desktop/Code/mummi-experiments/experiments/aws-march-2025/cpu-node-selector/monitor/cpu-autoscale-2/data/structure_061040488/createsim-m6g-16xlarge/createsims-times.json,createsim_runtime,626.2731676101685,createsim_runtime,2.464,0.17396476878060235,0.4286491902754042
379,c7g-16xlarge,/home/vanessa/Desktop/Code/mummi-experiments/experiments/aws-march-2025/cpu-node-selector/monitor/cpu-autoscale-2/data/structure_095622279/createsim-c7g-16xlarge/createsims-times.json,createsim_runtime,471.10288667678833,createsim_runtime,2.32,0.13086191296577454,0.3035996380805969
392,hpc7g-16xlarge,/home/vanessa/Desktop/Code/mummi-experiments/experiments/aws-march-2025/cpu-node-selector/monitor/cpu-autoscale-2/data/structure_095622279/createsim-hpc7g-16xlarge/createsims-times.json,createsim_runtime,476.67141366004944,createsim_runtime,1.683,0.13240872601668038,0.2228438858860731
405,m6g-16xlarge,/home/vanessa/Desktop/Code/mummi-experiments/experiments/aws-march-2025/cpu-node-selector/monitor/cpu-autoscale-2/data/structure_095622279/createsim-m6g-16xlarge/createsims-times.json,createsim_runtime,626.2578411102295,createsim_runtime,2.464,0.1739605114195082,0.4286387001376682
418,c7g-16xlarge,/home/vanessa/Desktop/Code/mummi-experiments/experiments/aws-march-2025/cpu-node-selector/monitor/cpu-autoscale-2/data/structure_051428039/createsim-c7g-16xlarge/createsims-times.json,createsim_runtime,499.2942147254944,createsim_runtime,2.32,0.13869283742374844,0.32176738282309636
458,hpc7g-16xlarge,/home/vanessa/Desktop/Code/mummi-experiments/experiments/aws-march-2025/cpu-node-selector/monitor/cpu-autoscale-2/data/structure_051428039/createsim-hpc7g-16xlarge/createsims-times.json,createsim_runtime,475.62392139434814,createsim_runtime,1.683,0.13211775594287448,0.22235418325185774
471,m6g-16xlarge,/home/vanessa/Desktop/Code/mummi-experiments/experiments/aws-march-2025/cpu-node-selector/monitor/cpu-autoscale-2/data/structure_051428039/createsim-m6g-16xlarge/createsims-times.json,createsim_runtime,655.7196815013885,createsim_runtime,2.464,0.18214435597260792,0.4488036931165059
