,kind,job,event,duration,container,experiment,iteration
0,singularity,cganalysis,pulled,871.031,docker://633731392008.dkr.ecr.us-east-1.amazonaws.com/mini-mummi:cganalysis-gpu,gpu-static,1
1,singularity,mlrunner,pulled,1189.981,docker://633731392008.dkr.ecr.us-east-1.amazonaws.com/mini-mummi:mlrunner-gpu,gpu-static,1
2,singularity,mlrunner,pulled,1189.418,docker://633731392008.dkr.ecr.us-east-1.amazonaws.com/mini-mummi:mlrunner-gpu,gpu-static,3
3,singularity,createsime,pulled,1389.926,docker://633731392008.dkr.ecr.us-east-1.amazonaws.com/mini-mummi:createsims-gpu,gpu-static,2
4,singularity,createsime,pulled,1190.929,docker://633731392008.dkr.ecr.us-east-1.amazonaws.com/mini-mummi:createsims-gpu,gpu-static,1
5,singularity,createsime,pulled,1263.803,docker://633731392008.dkr.ecr.us-east-1.amazonaws.com/mini-mummi:createsims-gpu,gpu-static,3
6,singularity,cganalysis,pulled,889.366,docker://633731392008.dkr.ecr.us-east-1.amazonaws.com/mini-mummi:cganalysis-gpu,gpu-static,3
7,singularity,cganalysis,pulled,893.124,docker://633731392008.dkr.ecr.us-east-1.amazonaws.com/mini-mummi:cganalysis-gpu,gpu-static,2
8,singularity,mlrunner,pulled,1189.583,docker://633731392008.dkr.ecr.us-east-1.amazonaws.com/mini-mummi:mlrunner-gpu,gpu-static,2
9,singularity,cganalysis,pulled,144.272,docker://633731392008.dkr.ecr.us-east-1.amazonaws.com/mini-mummi:cganalysis-arm,cpu-static,1
10,singularity,mlrunner,pulled,483.207,docker://633731392008.dkr.ecr.us-east-1.amazonaws.com/mini-mummi:mlrunner-arm-singularity,cpu-static,1
11,singularity,mlrunner,pulled,467.65,docker://633731392008.dkr.ecr.us-east-1.amazonaws.com/mini-mummi:mlrunner-arm-singularity,cpu-static,3
12,singularity,createsime,pulled,179.79,docker://633731392008.dkr.ecr.us-east-1.amazonaws.com/mini-mummi:createsims-arm,cpu-static,2
13,singularity,createsime,pulled,171.851,docker://633731392008.dkr.ecr.us-east-1.amazonaws.com/mini-mummi:createsims-arm,cpu-static,1
14,singularity,createsime,pulled,174.887,docker://633731392008.dkr.ecr.us-east-1.amazonaws.com/mini-mummi:createsims-arm,cpu-static,3
15,singularity,cganalysis,pulled,143.066,docker://633731392008.dkr.ecr.us-east-1.amazonaws.com/mini-mummi:cganalysis-arm,cpu-static,3
16,singularity,cganalysis,pulled,143.47899999999998,docker://633731392008.dkr.ecr.us-east-1.amazonaws.com/mini-mummi:cganalysis-arm,cpu-static,2
17,singularity,mlrunner,pulled,477.536,docker://633731392008.dkr.ecr.us-east-1.amazonaws.com/mini-mummi:mlrunner-arm-singularity,cpu-static,2
19,,mlrunner,running,11.266892194747925,,cpu-static,1
20,,mlrunner,running,9.895902633666992,,cpu-static,1
21,,mlrunner,running,91.44709134101868,,cpu-static,1
22,,mlrunner,running,11.2009859085083,,cpu-static,1
23,,mlrunner,running,9.802215337753296,,cpu-static,1
24,,mlrunner,running,91.43467950820923,,cpu-static,1
25,,mlrunner,running,91.41148948669434,,cpu-static,1
26,,mlrunner,running,91.41179060935974,,cpu-static,1
27,,mlrunner,running,92.88341093063354,,cpu-static,1
28,,mlrunner,running,9.796400785446167,,cpu-static,1
29,,mlrunner,running,91.42029070854187,,cpu-static,1
30,,mlrunner,running,10.00625991821289,,cpu-static,3
31,,mlrunner,running,9.828033447265625,,cpu-static,3
32,,mlrunner,running,9.911437273025513,,cpu-static,3
33,,mlrunner,running,11.383413553237915,,cpu-static,3
34,,mlrunner,running,9.872076749801636,,cpu-static,3
35,,mlrunner,running,9.966023683547974,,cpu-static,3
36,,mlrunner,running,9.88673734664917,,cpu-static,3
37,,mlrunner,running,9.888206005096436,,cpu-static,3
38,,mlrunner,running,9.768769264221191,,cpu-static,3
39,,mlrunner,running,9.864243268966675,,cpu-static,3
40,,mlrunner,running,9.787276029586792,,cpu-static,2
41,,mlrunner,running,9.892586708068848,,cpu-static,2
42,,mlrunner,running,14.152365684509277,,cpu-static,2
43,,mlrunner,running,14.180395364761353,,cpu-static,2
44,,mlrunner,running,9.761889934539795,,cpu-static,2
45,,mlrunner,running,12.562049388885498,,cpu-static,2
46,,mlrunner,running,9.790569305419922,,cpu-static,2
47,,mlrunner,running,12.650043964385986,,cpu-static,2
48,,mlrunner,running,7.851742506027222,,cpu-static,2
49,,mlrunner,running,12.678772211074829,,cpu-static,2
50,,mlrunner,running,10.91808819770813,,cpu-static,2
51,,createsim,running,508.11411595344543,,cpu-static,1
52,,createsim,running,489.35317158699036,,cpu-static,1
53,,createsim,running,526.7949209213257,,cpu-static,1
54,,createsim,running,36.73130655288696,,cpu-static,1
55,,createsim,running,509.9248616695404,,cpu-static,1
56,,createsim,running,515.1204788684845,,cpu-static,1
57,,createsim,running,531.9432439804077,,cpu-static,1
58,,createsim,running,493.7071735858917,,cpu-static,1
59,,createsim,running,507.30586552619934,,cpu-static,1
60,,createsim,running,512.2314116954803,,cpu-static,1
61,,createsim,running,511.24930477142334,,cpu-static,1
62,,createsim,running,504.55948638916016,,cpu-static,3
63,,createsim,running,495.76012229919434,,cpu-static,3
64,,createsim,running,486.57109093666077,,cpu-static,3
65,,createsim,running,494.40851879119873,,cpu-static,3
66,,createsim,running,493.06783747673035,,cpu-static,3
67,,createsim,running,516.5046472549438,,cpu-static,3
68,,createsim,running,502.5664105415344,,cpu-static,3
69,,createsim,running,493.75867342948914,,cpu-static,3
70,,createsim,running,488.887398481369,,cpu-static,3
71,,createsim,running,492.55573439598083,,cpu-static,3
72,,createsim,running,520.9034926891327,,cpu-static,2
73,,createsim,running,521.7971525192261,,cpu-static,2
74,,createsim,running,505.89776587486267,,cpu-static,2
75,,createsim,running,510.21116852760315,,cpu-static,2
76,,createsim,running,535.6807894706726,,cpu-static,2
77,,createsim,running,486.4924123287201,,cpu-static,2
78,,createsim,running,510.86906576156616,,cpu-static,2
79,,createsim,running,493.2847578525543,,cpu-static,2
80,,createsim,running,507.6645860671997,,cpu-static,2
81,,createsim,running,495.5729429721832,,cpu-static,2
82,,cganalysis,running,1798.5801887512207,,cpu-static,1
83,,cganalysis,running,1786.2740471363068,,cpu-static,1
84,,cganalysis,running,1806.931170463562,,cpu-static,1
85,,cganalysis,running,1805.862015247345,,cpu-static,1
86,,cganalysis,running,1808.2029867172241,,cpu-static,1
87,,cganalysis,running,1786.2785785198212,,cpu-static,1
88,,cganalysis,running,1786.2956190109253,,cpu-static,1
89,,cganalysis,running,1803.1110653877258,,cpu-static,1
90,,cganalysis,running,1810.0140042304993,,cpu-static,1
91,,cganalysis,running,1786.2879376411438,,cpu-static,1
92,,cganalysis,running,1786.3140182495117,,cpu-static,3
93,,cganalysis,running,1786.2328231334686,,cpu-static,3
94,,cganalysis,running,1786.2941584587097,,cpu-static,3
95,,cganalysis,running,1786.2486686706543,,cpu-static,3
96,,cganalysis,running,1786.2618072032928,,cpu-static,3
97,,cganalysis,running,1786.2946319580078,,cpu-static,3
98,,cganalysis,running,1786.286922454834,,cpu-static,3
99,,cganalysis,running,397.967134475708,,cpu-static,3
100,,cganalysis,running,1786.2746334075928,,cpu-static,3
101,,cganalysis,running,1786.2507679462433,,cpu-static,3
102,,cganalysis,running,1801.0365281105042,,cpu-static,2
103,,cganalysis,running,1786.3467648029327,,cpu-static,2
104,,cganalysis,running,1798.9137830734253,,cpu-static,2
105,,cganalysis,running,1801.678998708725,,cpu-static,2
106,,cganalysis,running,1786.2460272312164,,cpu-static,2
107,,cganalysis,running,1795.7850847244263,,cpu-static,2
108,,cganalysis,running,1806.6615660190582,,cpu-static,2
109,,cganalysis,running,1797.378969669342,,cpu-static,2
110,,cganalysis,running,1786.2873032093048,,cpu-static,2
111,,cganalysis,running,1786.2909564971924,,cpu-static,2
112,,cganalysis,running,1806.5790796279907,,gpu-static,1
113,,cganalysis,running,1788.237316608429,,gpu-static,1
114,,cganalysis,running,1799.0612111091614,,gpu-static,1
115,,cganalysis,running,1806.3867614269257,,gpu-static,1
116,,cganalysis,running,1815.2928221225739,,gpu-static,1
117,,cganalysis,running,1788.0497164726257,,gpu-static,1
118,,cganalysis,running,1788.268769979477,,gpu-static,1
119,,cganalysis,running,1788.1792330741882,,gpu-static,1
120,,cganalysis,running,1794.7340445518494,,gpu-static,1
121,,cganalysis,running,1808.6231558322906,,gpu-static,1
122,,cganalysis,running,1788.1787571907043,,gpu-static,3
123,,cganalysis,running,1788.1857333183289,,gpu-static,3
124,,cganalysis,running,1788.0854315757751,,gpu-static,3
125,,cganalysis,running,1788.3368723392487,,gpu-static,3
126,,cganalysis,running,1788.1923716068268,,gpu-static,3
127,,cganalysis,running,1788.2951261997223,,gpu-static,3
128,,cganalysis,running,1788.0694382190704,,gpu-static,3
129,,cganalysis,running,1788.43683719635,,gpu-static,3
130,,cganalysis,running,1788.326153755188,,gpu-static,3
131,,cganalysis,running,1788.3070967197418,,gpu-static,3
132,,cganalysis,running,1788.1762306690216,,gpu-static,2
133,,cganalysis,running,1788.2246379852295,,gpu-static,2
134,,cganalysis,running,1788.072649717331,,gpu-static,2
135,,cganalysis,running,1788.160766363144,,gpu-static,2
136,,cganalysis,running,1788.2136943340302,,gpu-static,2
137,,cganalysis,running,1788.0419747829437,,gpu-static,2
138,,cganalysis,running,1788.1857850551605,,gpu-static,2
139,,cganalysis,running,1788.21040558815,,gpu-static,2
140,,cganalysis,running,1788.2540833950043,,gpu-static,2
141,,cganalysis,running,1788.402420282364,,gpu-static,2
142,,createsim,running,717.8274188041687,,gpu-static,1
143,,createsim,running,711.535228729248,,gpu-static,1
144,,createsim,running,681.5850195884705,,gpu-static,1
145,,createsim,running,691.951357126236,,gpu-static,1
146,,createsim,running,683.2213644981384,,gpu-static,1
147,,createsim,running,700.4194688796997,,gpu-static,1
148,,createsim,running,718.9090530872345,,gpu-static,1
149,,createsim,running,705.5294148921967,,gpu-static,1
150,,createsim,running,674.4020228385925,,gpu-static,1
151,,createsim,running,762.1686325073242,,gpu-static,1
152,,createsim,running,74.42344546318054,,gpu-static,1
153,,createsim,running,688.2238864898682,,gpu-static,3
154,,createsim,running,713.8593611717224,,gpu-static,3
155,,createsim,running,703.8139638900757,,gpu-static,3
156,,createsim,running,685.8088870048523,,gpu-static,3
157,,createsim,running,677.9472761154175,,gpu-static,3
158,,createsim,running,677.2566256523132,,gpu-static,3
159,,createsim,running,690.7759025096893,,gpu-static,3
160,,createsim,running,701.6615710258484,,gpu-static,3
161,,createsim,running,691.9376866817474,,gpu-static,3
162,,createsim,running,705.681720495224,,gpu-static,3
163,,createsim,running,702.5286021232605,,gpu-static,2
164,,createsim,running,687.3396062850952,,gpu-static,2
165,,createsim,running,696.6798498630524,,gpu-static,2
166,,createsim,running,738.5812048912048,,gpu-static,2
167,,createsim,running,691.3360216617584,,gpu-static,2
168,,createsim,running,692.8930196762085,,gpu-static,2
169,,createsim,running,690.476763010025,,gpu-static,2
170,,createsim,running,690.7130057811737,,gpu-static,2
171,,createsim,running,672.378823518753,,gpu-static,2
172,,createsim,running,716.3143286705017,,gpu-static,2
173,,mlrunner,running,36.12864947319031,,gpu-static,1
174,,mlrunner,running,35.87912845611572,,gpu-static,1
175,,mlrunner,running,16.102365016937256,,gpu-static,1
176,,mlrunner,running,34.08011317253113,,gpu-static,1
177,,mlrunner,running,15.623112916946411,,gpu-static,1
178,,mlrunner,running,36.11530327796936,,gpu-static,1
179,,mlrunner,running,15.938026905059814,,gpu-static,1
180,,mlrunner,running,35.9048638343811,,gpu-static,1
181,,mlrunner,running,35.613303661346436,,gpu-static,1
182,,mlrunner,running,15.956140518188477,,gpu-static,1
183,,mlrunner,running,17.09281086921692,,gpu-static,1
184,,mlrunner,running,16.368374586105347,,gpu-static,3
185,,mlrunner,running,16.54435443878174,,gpu-static,3
186,,mlrunner,running,15.60032033920288,,gpu-static,3
187,,mlrunner,running,15.932328701019287,,gpu-static,3
188,,mlrunner,running,16.371564149856567,,gpu-static,3
189,,mlrunner,running,16.650705575942993,,gpu-static,3
190,,mlrunner,running,16.031902313232422,,gpu-static,3
191,,mlrunner,running,15.57374119758606,,gpu-static,3
192,,mlrunner,running,16.62843108177185,,gpu-static,3
193,,mlrunner,running,16.163016080856323,,gpu-static,3
194,,mlrunner,running,16.126585960388184,,gpu-static,2
195,,mlrunner,running,16.52077317237854,,gpu-static,2
196,,mlrunner,running,16.082804918289185,,gpu-static,2
197,,mlrunner,running,15.980581045150757,,gpu-static,2
198,,mlrunner,running,16.066065788269043,,gpu-static,2
199,,mlrunner,running,15.960487127304077,,gpu-static,2
200,,mlrunner,running,15.807554244995117,,gpu-static,2
201,,mlrunner,running,16.16254949569702,,gpu-static,2
202,,mlrunner,running,17.741154432296753,,gpu-static,2
203,,mlrunner,running,15.579477787017822,,gpu-static,2
