,experiment,job,sample,event,duration,global
0,cpu-static,createsim,structure_039450538,createsim_runtime,1149.3389420509338,createsim_runtime
1,cpu-static,createsim,structure_039450538,createsims_create_cg_patch,0.0007708072662353516,createsims_create_cg_patch
2,cpu-static,createsim,structure_039450538,createsims_setup_cg_sim,1148.3991901874542,createsims_setup_cg_sim
3,cpu-static,createsim,structure_039450538,createsims_gromacs_energy_minimization_0,0.7382774353027344,createsims_gromacs_energy_minimization
4,cpu-static,createsim,structure_039450538,createsims_mdrun_lipids_water_0,3.7086644172668457,createsims_mdrun_lipids_water
5,cpu-static,createsim,structure_039450538,createsims_trjconv_lipids_water_0,0.16607880592346191,createsims_trjconv_lipids_water
6,cpu-static,createsim,structure_039450538,createsims_gromacs_make_ndx_0,0.3768014907836914,createsims_gromacs_make_ndx
7,cpu-static,createsim,structure_039450538,createsims_generate_velocities_0,74.73663973808289,createsims_generate_velocities
8,cpu-static,createsim,structure_039450538,createsims_short_equilibration_0,176.0365605354309,createsims_short_equilibration
9,cpu-static,createsim,structure_039450538,createsims_pull_molecules_0,660.1978425979614,createsims_pull_molecules
10,cpu-static,createsim,structure_039450538,createsims_relax_protein,53.181050062179565,createsims_relax_protein
11,cpu-static,createsim,structure_039450538,createsims_short_equilibration_20fs,177.27069687843323,createsims_short_equilibration
12,cpu-static,createsim,structure_039450538,createsims_prime_cg_sim,0.927762508392334,createsims_prime_cg_sim
13,cpu-static,createsim,structure_073573891,createsim_runtime,1151.2608211040497,createsim_runtime
14,cpu-static,createsim,structure_073573891,createsims_create_cg_patch,0.0007956027984619141,createsims_create_cg_patch
15,cpu-static,createsim,structure_073573891,createsims_setup_cg_sim,1150.3122334480286,createsims_setup_cg_sim
16,cpu-static,createsim,structure_073573891,createsims_gromacs_energy_minimization_0,0.7420945167541504,createsims_gromacs_energy_minimization
17,cpu-static,createsim,structure_073573891,createsims_mdrun_lipids_water_0,3.4626288414001465,createsims_mdrun_lipids_water
18,cpu-static,createsim,structure_073573891,createsims_trjconv_lipids_water_0,0.16304826736450195,createsims_trjconv_lipids_water
19,cpu-static,createsim,structure_073573891,createsims_gromacs_make_ndx_0,0.3723630905151367,createsims_gromacs_make_ndx
20,cpu-static,createsim,structure_073573891,createsims_generate_velocities_0,82.70512008666992,createsims_generate_velocities
21,cpu-static,createsim,structure_073573891,createsims_short_equilibration_0,166.08008480072021,createsims_short_equilibration
22,cpu-static,createsim,structure_073573891,createsims_pull_molecules_0,671.7582252025604,createsims_pull_molecules
23,cpu-static,createsim,structure_073573891,createsims_relax_protein,54.46397256851196,createsims_relax_protein
24,cpu-static,createsim,structure_073573891,createsims_short_equilibration_20fs,168.58347058296204,createsims_short_equilibration
25,cpu-static,createsim,structure_073573891,createsims_prime_cg_sim,0.936464786529541,createsims_prime_cg_sim
26,cpu-static,createsim,structure_096623376,createsim_runtime,1123.7751734256744,createsim_runtime
27,cpu-static,createsim,structure_096623376,createsims_create_cg_patch,0.0007865428924560547,createsims_create_cg_patch
28,cpu-static,createsim,structure_096623376,createsims_setup_cg_sim,1122.8316037654877,createsims_setup_cg_sim
29,cpu-static,createsim,structure_096623376,createsims_gromacs_energy_minimization_0,0.7533900737762451,createsims_gromacs_energy_minimization
30,cpu-static,createsim,structure_096623376,createsims_mdrun_lipids_water_0,3.89516019821167,createsims_mdrun_lipids_water
31,cpu-static,createsim,structure_096623376,createsims_trjconv_lipids_water_0,0.1693403720855713,createsims_trjconv_lipids_water
32,cpu-static,createsim,structure_096623376,createsims_gromacs_make_ndx_0,0.37450551986694336,createsims_gromacs_make_ndx
33,cpu-static,createsim,structure_096623376,createsims_generate_velocities_0,78.27476930618286,createsims_generate_velocities
34,cpu-static,createsim,structure_096623376,createsims_short_equilibration_0,173.99280166625977,createsims_short_equilibration
35,cpu-static,createsim,structure_096623376,createsims_pull_molecules_0,646.9546256065369,createsims_pull_molecules
36,cpu-static,createsim,structure_096623376,createsims_relax_protein,49.57072377204895,createsims_relax_protein
37,cpu-static,createsim,structure_096623376,createsims_short_equilibration_20fs,166.8649764060974,createsims_short_equilibration
38,cpu-static,createsim,structure_096623376,createsims_prime_cg_sim,0.9317915439605713,createsims_prime_cg_sim
39,cpu-static,createsim,structure_082988082,createsim_runtime,1081.6295282840729,createsim_runtime
40,cpu-static,createsim,structure_082988082,createsims_create_cg_patch,0.0007832050323486328,createsims_create_cg_patch
41,cpu-static,createsim,structure_082988082,createsims_setup_cg_sim,1080.6817309856415,createsims_setup_cg_sim
42,cpu-static,createsim,structure_082988082,createsims_gromacs_energy_minimization_0,0.7364184856414795,createsims_gromacs_energy_minimization
43,cpu-static,createsim,structure_082988082,createsims_mdrun_lipids_water_0,3.2386231422424316,createsims_mdrun_lipids_water
44,cpu-static,createsim,structure_082988082,createsims_trjconv_lipids_water_0,0.1677408218383789,createsims_trjconv_lipids_water
45,cpu-static,createsim,structure_082988082,createsims_gromacs_make_ndx_0,0.3729875087738037,createsims_gromacs_make_ndx
46,cpu-static,createsim,structure_082988082,createsims_generate_velocities_0,70.06728410720825,createsims_generate_velocities
47,cpu-static,createsim,structure_082988082,createsims_short_equilibration_0,157.63219571113586,createsims_short_equilibration
48,cpu-static,createsim,structure_082988082,createsims_pull_molecules_0,620.5303564071655,createsims_pull_molecules
49,cpu-static,createsim,structure_082988082,createsims_relax_protein,49.62972450256348,createsims_relax_protein
50,cpu-static,createsim,structure_082988082,createsims_short_equilibration_20fs,176.31874012947083,createsims_short_equilibration
51,cpu-static,createsim,structure_082988082,createsims_prime_cg_sim,0.9357602596282959,createsims_prime_cg_sim
52,cpu-static,createsim,structure_000006219,createsim_runtime,1169.5681610107422,createsim_runtime
53,cpu-static,createsim,structure_000006219,createsims_create_cg_patch,0.0008304119110107422,createsims_create_cg_patch
54,cpu-static,createsim,structure_000006219,createsims_setup_cg_sim,1168.6282677650452,createsims_setup_cg_sim
55,cpu-static,createsim,structure_000006219,createsims_gromacs_energy_minimization_0,0.7301537990570068,createsims_gromacs_energy_minimization
56,cpu-static,createsim,structure_000006219,createsims_mdrun_lipids_water_0,3.39186429977417,createsims_mdrun_lipids_water
57,cpu-static,createsim,structure_000006219,createsims_trjconv_lipids_water_0,0.16208362579345703,createsims_trjconv_lipids_water
58,cpu-static,createsim,structure_000006219,createsims_gromacs_make_ndx_0,0.3760244846343994,createsims_gromacs_make_ndx
59,cpu-static,createsim,structure_000006219,createsims_generate_velocities_0,77.38134384155273,createsims_generate_velocities
60,cpu-static,createsim,structure_000006219,createsims_short_equilibration_0,173.7061140537262,createsims_short_equilibration
61,cpu-static,createsim,structure_000006219,createsims_pull_molecules_0,688.6026408672333,createsims_pull_molecules
62,cpu-static,createsim,structure_000006219,createsims_relax_protein,50.114598751068115,createsims_relax_protein
63,cpu-static,createsim,structure_000006219,createsims_short_equilibration_20fs,172.1711220741272,createsims_short_equilibration
64,cpu-static,createsim,structure_000006219,createsims_prime_cg_sim,0.9279911518096924,createsims_prime_cg_sim
65,cpu-static,createsim,structure_003723862,createsim_runtime,1134.7070004940033,createsim_runtime
66,cpu-static,createsim,structure_003723862,createsims_create_cg_patch,0.0007920265197753906,createsims_create_cg_patch
67,cpu-static,createsim,structure_003723862,createsims_setup_cg_sim,1133.7609317302704,createsims_setup_cg_sim
68,cpu-static,createsim,structure_003723862,createsims_gromacs_energy_minimization_0,0.7386739253997803,createsims_gromacs_energy_minimization
69,cpu-static,createsim,structure_003723862,createsims_mdrun_lipids_water_0,3.4805727005004883,createsims_mdrun_lipids_water
70,cpu-static,createsim,structure_003723862,createsims_trjconv_lipids_water_0,0.16456031799316406,createsims_trjconv_lipids_water
71,cpu-static,createsim,structure_003723862,createsims_gromacs_make_ndx_0,0.3713669776916504,createsims_gromacs_make_ndx
72,cpu-static,createsim,structure_003723862,createsims_generate_velocities_0,73.88182234764099,createsims_generate_velocities
73,cpu-static,createsim,structure_003723862,createsims_short_equilibration_0,162.2491533756256,createsims_short_equilibration
74,cpu-static,createsim,structure_003723862,createsims_pull_molecules_0,662.3837623596191,createsims_pull_molecules
75,cpu-static,createsim,structure_003723862,createsims_relax_protein,54.189295053482056,createsims_relax_protein
76,cpu-static,createsim,structure_003723862,createsims_short_equilibration_20fs,174.32160758972168,createsims_short_equilibration
77,cpu-static,createsim,structure_003723862,createsims_prime_cg_sim,0.9341840744018555,createsims_prime_cg_sim
78,cpu-static,cganalysis,structure_039450538,cganalysis_run,1784.8884162902832,cganalysis_run
79,cpu-static,cganalysis,structure_039450538,cganalysis_load_mdanalysis,0.4719269275665283,cganalysis_load_mdanalysis
80,cpu-static,cganalysis,structure_039450538,cganalysis_run_simulation,5.0113301277160645,cganalysis_run_simulation
81,cpu-static,cganalysis,structure_039450538,cganalysis_simrun,5.011241674423218,cganalysis_simrun
82,cpu-static,cganalysis,structure_039450538,cganalysis_main_analysis,1779.352255821228,cganalysis_main_analysis
83,cpu-static,cganalysis,structure_073573891,cganalysis_run,1784.7334916591644,cganalysis_run
84,cpu-static,cganalysis,structure_073573891,cganalysis_load_mdanalysis,0.4821140766143799,cganalysis_load_mdanalysis
85,cpu-static,cganalysis,structure_073573891,cganalysis_run_simulation,5.011059522628784,cganalysis_run_simulation
86,cpu-static,cganalysis,structure_073573891,cganalysis_simrun,5.010967969894409,cganalysis_simrun
87,cpu-static,cganalysis,structure_073573891,cganalysis_main_analysis,1779.1868002414703,cganalysis_main_analysis
88,cpu-static,cganalysis,structure_096623376,cganalysis_run,1784.477782011032,cganalysis_run
89,cpu-static,cganalysis,structure_096623376,cganalysis_load_mdanalysis,0.4748721122741699,cganalysis_load_mdanalysis
90,cpu-static,cganalysis,structure_096623376,cganalysis_run_simulation,5.011643886566162,cganalysis_run_simulation
91,cpu-static,cganalysis,structure_096623376,cganalysis_simrun,5.011545419692993,cganalysis_simrun
92,cpu-static,cganalysis,structure_096623376,cganalysis_main_analysis,1778.938692331314,cganalysis_main_analysis
93,cpu-static,cganalysis,structure_082988082,cganalysis_run,1783.2061386108398,cganalysis_run
94,cpu-static,cganalysis,structure_082988082,cganalysis_load_mdanalysis,0.48371100425720215,cganalysis_load_mdanalysis
95,cpu-static,cganalysis,structure_082988082,cganalysis_run_simulation,5.0101728439331055,cganalysis_run_simulation
96,cpu-static,cganalysis,structure_082988082,cganalysis_simrun,5.010086297988892,cganalysis_simrun
97,cpu-static,cganalysis,structure_082988082,cganalysis_main_analysis,1777.6593434810638,cganalysis_main_analysis
98,cpu-static,cganalysis,structure_000006219,cganalysis_run,1783.213194847107,cganalysis_run
99,cpu-static,cganalysis,structure_000006219,cganalysis_load_mdanalysis,0.4771726131439209,cganalysis_load_mdanalysis
100,cpu-static,cganalysis,structure_000006219,cganalysis_run_simulation,5.011638879776001,cganalysis_run_simulation
101,cpu-static,cganalysis,structure_000006219,cganalysis_simrun,5.01154899597168,cganalysis_simrun
102,cpu-static,cganalysis,structure_000006219,cganalysis_main_analysis,1777.6713285446167,cganalysis_main_analysis
103,cpu-static,cganalysis,structure_003723862,cganalysis_run,1782.86944937706,cganalysis_run
104,cpu-static,cganalysis,structure_003723862,cganalysis_load_mdanalysis,0.47092580795288086,cganalysis_load_mdanalysis
105,cpu-static,cganalysis,structure_003723862,cganalysis_run_simulation,5.011420249938965,cganalysis_run_simulation
106,cpu-static,cganalysis,structure_003723862,cganalysis_simrun,5.011326551437378,cganalysis_simrun
107,cpu-static,cganalysis,structure_003723862,cganalysis_main_analysis,1777.3344686031342,cganalysis_main_analysis
108,gpu-static,createsim,structure_042980663,createsim_runtime,711.8548095226288,createsim_runtime
109,gpu-static,createsim,structure_042980663,createsims_create_cg_patch,0.0012543201446533203,createsims_create_cg_patch
110,gpu-static,createsim,structure_042980663,createsims_setup_cg_sim,710.2657351493835,createsims_setup_cg_sim
111,gpu-static,createsim,structure_042980663,createsims_gromacs_energy_minimization_0,1.1711957454681396,createsims_gromacs_energy_minimization
112,gpu-static,createsim,structure_042980663,createsims_mdrun_lipids_water_0,2.968207359313965,createsims_mdrun_lipids_water
113,gpu-static,createsim,structure_042980663,createsims_trjconv_lipids_water_0,0.27790141105651855,createsims_trjconv_lipids_water
114,gpu-static,createsim,structure_042980663,createsims_gromacs_make_ndx_0,0.5104866027832031,createsims_gromacs_make_ndx
115,gpu-static,createsim,structure_042980663,createsims_generate_velocities_0,45.93287992477417,createsims_generate_velocities
116,gpu-static,createsim,structure_042980663,createsims_short_equilibration_0,103.2819094657898,createsims_short_equilibration
117,gpu-static,createsim,structure_042980663,createsims_pull_molecules_0,413.86696219444275,createsims_pull_molecules
118,gpu-static,createsim,structure_042980663,createsims_relax_protein,34.49929928779602,createsims_relax_protein
119,gpu-static,createsim,structure_042980663,createsims_short_equilibration_20fs,104.8512589931488,createsims_short_equilibration
120,gpu-static,createsim,structure_042980663,createsims_prime_cg_sim,1.5699682235717773,createsims_prime_cg_sim
121,gpu-static,createsim,structure_065061590,createsim_runtime,743.8143992424011,createsim_runtime
122,gpu-static,createsim,structure_065061590,createsims_create_cg_patch,0.001255035400390625,createsims_create_cg_patch
123,gpu-static,createsim,structure_065061590,createsims_setup_cg_sim,742.2238018512726,createsims_setup_cg_sim
124,gpu-static,createsim,structure_065061590,createsims_gromacs_energy_minimization_0,1.2097556591033936,createsims_gromacs_energy_minimization
125,gpu-static,createsim,structure_065061590,createsims_mdrun_lipids_water_0,3.0203347206115723,createsims_mdrun_lipids_water
126,gpu-static,createsim,structure_065061590,createsims_trjconv_lipids_water_0,0.28252100944519043,createsims_trjconv_lipids_water
127,gpu-static,createsim,structure_065061590,createsims_gromacs_make_ndx_0,0.5153884887695312,createsims_gromacs_make_ndx
128,gpu-static,createsim,structure_065061590,createsims_generate_velocities_0,47.93350958824158,createsims_generate_velocities
129,gpu-static,createsim,structure_065061590,createsims_short_equilibration_0,108.94469118118286,createsims_short_equilibration
130,gpu-static,createsim,structure_065061590,createsims_pull_molecules_0,432.5498278141022,createsims_pull_molecules
131,gpu-static,createsim,structure_065061590,createsims_relax_protein,36.25817108154297,createsims_relax_protein
132,gpu-static,createsim,structure_065061590,createsims_short_equilibration_20fs,108.58998656272888,createsims_short_equilibration
133,gpu-static,createsim,structure_065061590,createsims_prime_cg_sim,1.5715811252593994,createsims_prime_cg_sim
134,gpu-static,createsim,structure_084230035,createsim_runtime,725.3156127929688,createsim_runtime
135,gpu-static,createsim,structure_084230035,createsims_create_cg_patch,0.0012359619140625,createsims_create_cg_patch
136,gpu-static,createsim,structure_084230035,createsims_setup_cg_sim,723.7357454299927,createsims_setup_cg_sim
137,gpu-static,createsim,structure_084230035,createsims_gromacs_energy_minimization_0,1.1796698570251465,createsims_gromacs_energy_minimization
138,gpu-static,createsim,structure_084230035,createsims_mdrun_lipids_water_0,2.6314733028411865,createsims_mdrun_lipids_water
139,gpu-static,createsim,structure_084230035,createsims_trjconv_lipids_water_0,0.2771596908569336,createsims_trjconv_lipids_water
140,gpu-static,createsim,structure_084230035,createsims_gromacs_make_ndx_0,0.5109596252441406,createsims_gromacs_make_ndx
141,gpu-static,createsim,structure_084230035,createsims_generate_velocities_0,46.59952116012573,createsims_generate_velocities
142,gpu-static,createsim,structure_084230035,createsims_short_equilibration_0,105.40358424186707,createsims_short_equilibration
143,gpu-static,createsim,structure_084230035,createsims_pull_molecules_0,421.0446186065674,createsims_pull_molecules
144,gpu-static,createsim,structure_084230035,createsims_relax_protein,35.24485182762146,createsims_relax_protein
145,gpu-static,createsim,structure_084230035,createsims_short_equilibration_20fs,107.9585611820221,createsims_short_equilibration
146,gpu-static,createsim,structure_084230035,createsims_prime_cg_sim,1.5606205463409424,createsims_prime_cg_sim
147,gpu-static,createsim,structure_022731889,createsim_runtime,742.2289755344391,createsim_runtime
148,gpu-static,createsim,structure_022731889,createsims_create_cg_patch,0.00135040283203125,createsims_create_cg_patch
149,gpu-static,createsim,structure_022731889,createsims_setup_cg_sim,740.5714209079742,createsims_setup_cg_sim
150,gpu-static,createsim,structure_022731889,createsims_gromacs_energy_minimization_0,1.2154593467712402,createsims_gromacs_energy_minimization
151,gpu-static,createsim,structure_022731889,createsims_mdrun_lipids_water_0,2.6704657077789307,createsims_mdrun_lipids_water
152,gpu-static,createsim,structure_022731889,createsims_trjconv_lipids_water_0,0.2832798957824707,createsims_trjconv_lipids_water
153,gpu-static,createsim,structure_022731889,createsims_gromacs_make_ndx_0,0.5174691677093506,createsims_gromacs_make_ndx
154,gpu-static,createsim,structure_022731889,createsims_generate_velocities_0,48.398001194000244,createsims_generate_velocities
155,gpu-static,createsim,structure_022731889,createsims_short_equilibration_0,108.44789743423462,createsims_short_equilibration
156,gpu-static,createsim,structure_022731889,createsims_pull_molecules_0,433.0381588935852,createsims_pull_molecules
157,gpu-static,createsim,structure_022731889,createsims_relax_protein,35.351701974868774,createsims_relax_protein
158,gpu-static,createsim,structure_022731889,createsims_short_equilibration_20fs,107.70891237258911,createsims_short_equilibration
159,gpu-static,createsim,structure_022731889,createsims_prime_cg_sim,1.637859582901001,createsims_prime_cg_sim
160,gpu-static,createsim,structure_065793096,createsim_runtime,728.2363657951355,createsim_runtime
161,gpu-static,createsim,structure_065793096,createsims_create_cg_patch,0.0012845993041992188,createsims_create_cg_patch
162,gpu-static,createsim,structure_065793096,createsims_setup_cg_sim,726.6204161643982,createsims_setup_cg_sim
163,gpu-static,createsim,structure_065793096,createsims_gromacs_energy_minimization_0,1.1765422821044922,createsims_gromacs_energy_minimization
164,gpu-static,createsim,structure_065793096,createsims_mdrun_lipids_water_0,2.6471009254455566,createsims_mdrun_lipids_water
165,gpu-static,createsim,structure_065793096,createsims_trjconv_lipids_water_0,0.2840452194213867,createsims_trjconv_lipids_water
166,gpu-static,createsim,structure_065793096,createsims_gromacs_make_ndx_0,0.5244894027709961,createsims_gromacs_make_ndx
167,gpu-static,createsim,structure_065793096,createsims_generate_velocities_0,46.90344762802124,createsims_generate_velocities
168,gpu-static,createsim,structure_065793096,createsims_short_equilibration_0,106.11695122718811,createsims_short_equilibration
169,gpu-static,createsim,structure_065793096,createsims_pull_molecules_0,423.70619678497314,createsims_pull_molecules
170,gpu-static,createsim,structure_065793096,createsims_relax_protein,35.447627782821655,createsims_relax_protein
171,gpu-static,createsim,structure_065793096,createsims_short_equilibration_20fs,106.8627941608429,createsims_short_equilibration
172,gpu-static,createsim,structure_065793096,createsims_prime_cg_sim,1.5967068672180176,createsims_prime_cg_sim
173,gpu-static,createsim,structure_059674938,createsim_runtime,729.0633728504181,createsim_runtime
174,gpu-static,createsim,structure_059674938,createsims_create_cg_patch,0.0013513565063476562,createsims_create_cg_patch
175,gpu-static,createsim,structure_059674938,createsims_setup_cg_sim,727.4516408443451,createsims_setup_cg_sim
176,gpu-static,createsim,structure_059674938,createsims_gromacs_energy_minimization_0,1.1955761909484863,createsims_gromacs_energy_minimization
177,gpu-static,createsim,structure_059674938,createsims_mdrun_lipids_water_0,2.9218661785125732,createsims_mdrun_lipids_water
178,gpu-static,createsim,structure_059674938,createsims_trjconv_lipids_water_0,0.27666807174682617,createsims_trjconv_lipids_water
179,gpu-static,createsim,structure_059674938,createsims_gromacs_make_ndx_0,0.5045723915100098,createsims_gromacs_make_ndx
180,gpu-static,createsim,structure_059674938,createsims_generate_velocities_0,46.47782015800476,createsims_generate_velocities
181,gpu-static,createsim,structure_059674938,createsims_short_equilibration_0,105.76565933227539,createsims_short_equilibration
182,gpu-static,createsim,structure_059674938,createsims_pull_molecules_0,424.5847797393799,createsims_pull_molecules
183,gpu-static,createsim,structure_059674938,createsims_relax_protein,35.27938437461853,createsims_relax_protein
184,gpu-static,createsim,structure_059674938,createsims_short_equilibration_20fs,107.51361966133118,createsims_short_equilibration
185,gpu-static,createsim,structure_059674938,createsims_prime_cg_sim,1.5920257568359375,createsims_prime_cg_sim
186,gpu-static,cganalysis,structure_042980663,cganalysis_run,1784.9242196083069,cganalysis_run
187,gpu-static,cganalysis,structure_042980663,cganalysis_load_mdanalysis,0.7672991752624512,cganalysis_load_mdanalysis
188,gpu-static,cganalysis,structure_042980663,cganalysis_run_simulation,5.012214183807373,cganalysis_run_simulation
189,gpu-static,cganalysis,structure_042980663,cganalysis_simrun,5.012078285217285,cganalysis_simrun
190,gpu-static,cganalysis,structure_042980663,cganalysis_main_analysis,1779.0630917549133,cganalysis_main_analysis
191,gpu-static,cganalysis,structure_065061590,cganalysis_run,1784.54456615448,cganalysis_run
192,gpu-static,cganalysis,structure_065061590,cganalysis_load_mdanalysis,0.7637143135070801,cganalysis_load_mdanalysis
193,gpu-static,cganalysis,structure_065061590,cganalysis_run_simulation,5.012291669845581,cganalysis_run_simulation
194,gpu-static,cganalysis,structure_065061590,cganalysis_simrun,5.012144565582275,cganalysis_simrun
195,gpu-static,cganalysis,structure_065061590,cganalysis_main_analysis,1778.6833794116974,cganalysis_main_analysis
196,gpu-static,cganalysis,structure_084230035,cganalysis_run,1784.5674748420715,cganalysis_run
197,gpu-static,cganalysis,structure_084230035,cganalysis_load_mdanalysis,0.7743873596191406,cganalysis_load_mdanalysis
198,gpu-static,cganalysis,structure_084230035,cganalysis_run_simulation,5.011152029037476,cganalysis_run_simulation
199,gpu-static,cganalysis,structure_084230035,cganalysis_simrun,5.011027574539185,cganalysis_simrun
200,gpu-static,cganalysis,structure_084230035,cganalysis_main_analysis,1778.699069738388,cganalysis_main_analysis
201,gpu-static,cganalysis,structure_022731889,cganalysis_run,1784.9127306938171,cganalysis_run
202,gpu-static,cganalysis,structure_022731889,cganalysis_load_mdanalysis,0.7727644443511963,cganalysis_load_mdanalysis
203,gpu-static,cganalysis,structure_022731889,cganalysis_run_simulation,5.01050066947937,cganalysis_run_simulation
204,gpu-static,cganalysis,structure_022731889,cganalysis_simrun,5.010371685028076,cganalysis_simrun
205,gpu-static,cganalysis,structure_022731889,cganalysis_main_analysis,1779.0458624362946,cganalysis_main_analysis
206,gpu-static,cganalysis,structure_065793096,cganalysis_run,1784.6729147434235,cganalysis_run
207,gpu-static,cganalysis,structure_065793096,cganalysis_load_mdanalysis,0.766608476638794,cganalysis_load_mdanalysis
208,gpu-static,cganalysis,structure_065793096,cganalysis_run_simulation,5.012556552886963,cganalysis_run_simulation
209,gpu-static,cganalysis,structure_065793096,cganalysis_simrun,5.0124170780181885,cganalysis_simrun
210,gpu-static,cganalysis,structure_065793096,cganalysis_main_analysis,1778.810702085495,cganalysis_main_analysis
211,gpu-static,cganalysis,structure_059674938,cganalysis_run,1784.3269472122192,cganalysis_run
212,gpu-static,cganalysis,structure_059674938,cganalysis_load_mdanalysis,0.7689228057861328,cganalysis_load_mdanalysis
213,gpu-static,cganalysis,structure_059674938,cganalysis_run_simulation,5.010356664657593,cganalysis_run_simulation
214,gpu-static,cganalysis,structure_059674938,cganalysis_simrun,5.010215759277344,cganalysis_simrun
215,gpu-static,cganalysis,structure_059674938,cganalysis_main_analysis,1778.4635729789734,cganalysis_main_analysis
